startTime,endTime,startTimeStr,endTimeStr,contentChannel,contentTitle,contentPlatform,isReplay,id
1707415649696,1707437246123,2024-02-08T18:07:29.696Z,2024-02-09T00:07:26.123Z,joueur_du_grenier,Pwet otoza.,youtube,true,f06a6cfb-b657-427b-a031-5307b2d000a3
1707471572630,1707486498524,2024-02-09T09:39:32.630Z,2024-02-09T13:48:18.524Z,fuury_off,Be opwet akosieozkut.,twitch,false,3b0f4d34-4ba5-4c04-b861-38e8dd6935e1
1707494155075,1707504422002,2024-02-09T15:55:55.075Z,2024-02-09T18:47:02.002Z,bagherajones,Pwet usudik lgi ke su.,twitch,false,8ec028c2-6389-45bc-941e-d6fe9bbe953b
1707539240177,1707548932660,2024-02-10T04:27:20.177Z,2024-02-10T07:08:52.660Z,etoiles,Eb pwet degokak ipaodixadseunxi idgagdo.,twitch,false,0ea2dc3b-b71a-4623-a741-204c3e69c934
1707576478183,1707578726486,2024-02-10T14:47:58.183Z,2024-02-10T15:25:26.486Z,avamind,Depwet ogeppoxupglo ezlk ga.,youtube,true,efcc90d8-1408-4d9f-8d2e-8b85cede1ea3
1707580120690,1707622546427,2024-02-10T15:48:40.690Z,2024-02-11T03:35:46.427Z,quicksoooooo,Dagoslkitsad i o.,twitch,false,2a3624b6-1565-4188-9b3f-23b2a9531262
1707668628335,1707671631057,2024-02-11T16:23:48.335Z,2024-02-11T17:13:51.057Z,rocketbaguette,Depwet ikepobu epesn.,twitch,false,3a11f03c-b731-459c-bbf6-f4e5d10b3c76
1707711878825,1707734834705,2024-02-12T04:24:38.825Z,2024-02-12T10:47:14.705Z,laink,Otgok.,twitch,false,458bb480-96d7-485e-997f-5b648a55e0b2
1707744620759,1707747735032,2024-02-12T13:30:20.759Z,2024-02-12T14:22:15.032Z,nisqyy,A upwet na.,youtube,true,5577cf59-b9bf-4e35-b43f-3011ff5d1f23
1707749564517,1707750847301,2024-02-12T14:52:44.517Z,2024-02-12T15:14:07.301Z,linca,Bepwet dn po.,youtube,true,01f2d9ca-0c91-46ff-a648-0a3e93533c6b
1707764001272,1707794956517,2024-02-12T18:53:21.272Z,2024-02-13T03:29:16.517Z,sardoche,Otapek u.,youtube,true,df8de4ff-c023-4153-8461-ea5286f7f750
1707834611978,1707837111852,2024-02-13T14:30:11.978Z,2024-02-13T15:11:51.852Z,samueletienne,Azupa.,twitch,false,8215901d-f137-4749-b67d-9a3e3aae9cc2
1707849792571,1707850351495,2024-02-13T18:43:12.571Z,2024-02-13T18:52:31.495Z,bichouu_,Ipwet zukiubedodo xa su.,twitch,false,eeb6f4db-358e-4518-b6ee-e7d076c70d94
1707879198035,1707899863600,2024-02-14T02:53:18.035Z,2024-02-14T08:37:43.600Z,aenot,Pwet bexuz zusuo i.,youtube,true,24455490-271f-4c1c-acbc-4fcd82c1c7eb
1707912923222,1707913160852,2024-02-14T12:15:23.222Z,2024-02-14T12:19:20.852Z,pauleta_twitch,Pwet ukoghok idii.,twitch,false,1a4fb9a0-8bf0-43fc-a85d-2c14159c2b1f
1707915202480,1707918941312,2024-02-14T12:53:22.480Z,2024-02-14T13:55:41.312Z,bagherajones,Exekaxizli.,youtube,true,b7a32dca-37af-4637-b310-f635e68b22f3
1707926456760,1707992155936,2024-02-14T16:00:56.760Z,2024-02-15T10:15:55.936Z,samzirah,Pwet beghodo zuoexub.,youtube,true,b7f0a4e6-02a8-4cfa-b177-8509b6d14470
1708013541967,1708036379741,2024-02-15T16:12:21.967Z,2024-02-15T22:32:59.741Z,lege,Upwet uzoghav idu a.,youtube,true,e4488c43-fbb0-4eb9-a0b5-a9ca1a867389
1708113676246,1708134778108,2024-02-16T20:01:16.246Z,2024-02-17T01:52:58.108Z,zacknani,Otadok.,twitch,false,c6debd6c-2280-44c1-b3a8-8e720f8b9c5c
1708187428100,1708241863331,2024-02-17T16:30:28.100Z,2024-02-18T07:37:43.331Z,voltariux,Be zui.,youtube,true,73536dbe-1dd7-4f15-ad83-09fa2a256696
1708275880657,1708280118333,2024-02-18T17:04:40.657Z,2024-02-18T18:15:18.333Z,rocky_,Iduveikaoz.,youtube,true,7869fae6-45d4-4f1c-934b-784461c5f9a4
1708444157187,1708450056607,2024-02-20T15:49:17.187Z,2024-02-20T17:27:36.607Z,punkill,Ipwet debokl pae e zi.,twitch,false,2dde2d0a-3e09-4203-a164-8f5d769d1428
1708496807984,1708520878816,2024-02-21T06:26:47.984Z,2024-02-21T13:07:58.816Z,samzirah,Bapwet lghl.,youtube,true,7748498f-9880-4d24-8524-e17baa18aad1
1708537586313,1708547815472,2024-02-21T17:46:26.313Z,2024-02-21T20:36:55.472Z,m4fgaming,Edo.,twitch,false,48662ddc-f4b7-4609-86f6-d5a309899096
1708593360211,1708601868554,2024-02-22T09:16:00.211Z,2024-02-22T11:37:48.554Z,mizitw,Daebzo.,twitch,false,b4b93bf5-f282-44df-b3a2-39c1390623a9
1708610584347,1708610759163,2024-02-22T14:03:04.347Z,2024-02-22T14:05:59.163Z,enkeo_,Pwet daghu.,twitch,false,0c7796b1-6f85-4449-bf25-c12c1e846650
1708614163950,1708614754159,2024-02-22T15:02:43.950Z,2024-02-22T15:12:34.159Z,mistermv,Pwet ipakxa zaxogh du.,twitch,false,2c4847a6-fd60-4971-8d7b-824cce65cf98
1708629708167,1708664277324,2024-02-22T19:21:48.167Z,2024-02-23T04:57:57.324Z,camak,Bepwet boapbl.,youtube,true,58f26b1c-acaf-4669-8d77-9803793c57e8
1708698770660,1708700803059,2024-02-23T14:32:50.660Z,2024-02-23T15:06:43.059Z,nikof,Idkugotgaoz be.,youtube,true,2835a5d5-fb6b-4ae9-aee7-ed5f54ba16ed
1708716343757,1708718260529,2024-02-23T19:25:43.757Z,2024-02-23T19:57:40.529Z,zacknani,Zuabghl.,youtube,true,4b7ba1cd-024f-4362-91c9-59055016529a
1708762242045,1708772559287,2024-02-24T08:10:42.045Z,2024-02-24T11:02:39.287Z,sylvainlyve,Ipwet vi o.,twitch,false,ca060808-8a60-4ce5-bea2-7a7b2ad7cf83
1708798461160,1708833112935,2024-02-24T18:14:21.160Z,2024-02-25T03:51:52.935Z,pauleta_twitch,Su zunxu.,twitch,false,a593cffd-300a-440c-acf9-413303213622
1709058890206,1709059964674,2024-02-27T18:34:50.206Z,2024-02-27T18:52:44.674Z,maghla,Luveevozbadioda du zo.,twitch,false,af655979-76c3-413f-a688-10bdd00f19d2
1709087824277,1709122220919,2024-02-28T02:37:04.277Z,2024-02-28T12:10:20.919Z,tatiana_tv,Bapwet zia ga.,twitch,false,6c2e3e52-179e-4285-83c0-1fa856be3f97
1709125682280,1709129056466,2024-02-28T13:08:02.280Z,2024-02-28T14:04:16.466Z,theguill84,E bapwet debixud aveboksa e.,twitch,false,65023da1-9f83-45ed-b76b-68d222d5fdb7
1709399730996,1709419066350,2024-03-02T17:15:30.996Z,2024-03-02T22:37:46.350Z,enkeo_,Opwet bebutko eghuzi aghet.,youtube,true,b6c11c8d-6dfa-4649-8b02-309182818a3c
1709571243095,1709584182039,2024-03-04T16:54:03.095Z,2024-03-04T20:29:42.039Z,moman,Dokoklzbikozopii e.,twitch,false,92c05bdf-acdc-4464-8d67-a8646f7f9dc1
1709613006339,1709632404474,2024-03-05T04:30:06.339Z,2024-03-05T09:53:24.474Z,vatira_,Idxoko.,twitch,false,1b19e2e6-2524-47b6-b7b4-72d2dfd4c9c8
1709658294211,1709674742867,2024-03-05T17:04:54.211Z,2024-03-05T21:39:02.867Z,crocodyletv,Idkageba.,twitch,false,f589a7b3-4a34-411a-b8d3-080a5d819df4
1709709495396,1709723384020,2024-03-06T07:18:15.396Z,2024-03-06T11:09:44.020Z,blaize,Depwet epau.,youtube,true,946b4769-7091-43f7-9d25-2878d3377e9b
1709755582278,1709796779306,2024-03-06T20:06:22.278Z,2024-03-07T07:32:59.306Z,oraxe,E pwet udogh pikl oodebbl ge za zebu ke.,youtube,true,6fd9e6ad-0808-4297-ba78-61227098be59
1709828505520,1709874494554,2024-03-07T16:21:45.520Z,2024-03-08T05:08:14.554Z,locklear,Upwet egid.,youtube,true,2daf95bc-af8c-48ba-84d5-e54cf40a65d3
1709884725706,1709894247572,2024-03-08T07:58:45.706Z,2024-03-08T10:37:27.572Z,cameliaaa92,Depwet daghed a.,twitch,false,ed3c889d-a78f-45f9-8b50-a68403da7169
1709908638906,1709909583359,2024-03-08T14:37:18.906Z,2024-03-08T14:53:03.359Z,sakor_,Ka pwet idsok.,youtube,true,5daf9173-c377-4792-8523-9b18b1cfb4ec
1709912042181,1709912056107,2024-03-08T15:34:02.181Z,2024-03-08T15:34:16.107Z,tatiana_tv,Apoghat.,twitch,false,92d0303b-2e43-4d6e-8352-f0937f2431d4
1709912361712,1709973277596,2024-03-08T15:39:21.712Z,2024-03-09T08:34:37.596Z,locklear,Epwet aoxapa.,youtube,true,84528114-616a-489d-bd07-32e13cf4f09d
1710012183206,1710067644242,2024-03-09T19:23:03.206Z,2024-03-10T10:47:24.242Z,un33d,Pe ghoze du.,youtube,true,2077f83b-d412-49d0-880f-0bf0f920d73c
1710091938211,1710122246345,2024-03-10T17:32:18.211Z,2024-03-11T01:57:26.345Z,levraidoffy,Ipwet xat.,twitch,false,73939577-dda6-4ed0-930f-e1d9558ca2ad
1710270146214,1710306285616,2024-03-12T19:02:26.214Z,2024-03-13T05:04:45.616Z,mastersnakou,Depwet akzivu.,twitch,false,8045d369-12e0-4f7b-b2ab-0cfaf1ea58c9
1710354924497,1710368960141,2024-03-13T18:35:24.497Z,2024-03-13T22:29:20.141Z,theomalini,De depwet lla e ko o du.,youtube,true,ed219dd7-e785-4301-98eb-0a1f2da25bc9
1710372012710,1710415966850,2024-03-13T23:20:12.710Z,2024-03-14T11:32:46.850Z,michou,Zi a.,youtube,true,8568c5fb-0284-479d-90f8-fe37ad65c93f
1710437057696,1710464713138,2024-03-14T17:24:17.696Z,2024-03-15T01:05:13.138Z,shaunz,Daxid.,twitch,false,feef13fa-b511-425d-9747-1dae82c7e277
1710489484674,1710500673813,2024-03-15T07:58:04.674Z,2024-03-15T11:04:33.813Z,wakzlol,Depwet bnza idao.,twitch,false,cb9b94f5-8adb-4a13-8d59-c9aaff1e651e
1710513891484,1710513912789,2024-03-15T14:44:51.484Z,2024-03-15T14:45:12.789Z,pokerstarsfrance,Depwet beboghi dapadgepegh o.,twitch,false,b2b47ca5-b276-4322-8d54-cf790343cc28
1710526956958,1710552728910,2024-03-15T18:22:36.958Z,2024-03-16T01:32:08.910Z,takologie,Bapwet usoseabxiuxa otnkid.,twitch,false,80237c61-7582-4d20-ba3d-a2c9f417d59f
1710692858085,1710718965405,2024-03-17T16:27:38.085Z,2024-03-17T23:42:45.405Z,gobgg,Pwet evozghexi zei ke.,youtube,true,4e0749f3-37e0-48d8-8da2-705217aa322b
1710782781110,1710826742566,2024-03-18T17:26:21.110Z,2024-03-19T05:39:02.566Z,otplol_,A kake.,twitch,false,ba8330e6-a7ab-4762-a3b1-e44de58bd182
1710865378382,1710872914965,2024-03-19T16:22:58.382Z,2024-03-19T18:28:34.965Z,theomalini,Abige.,youtube,true,4e3e6142-6c09-4808-ac6c-294996a760b8
1710921113212,1710925623454,2024-03-20T07:51:53.212Z,2024-03-20T09:07:03.454Z,zacknani,Oto upaozo o.,youtube,true,26559de7-fe69-4b19-a4a3-212da019c5bb
1710941627893,1710946404979,2024-03-20T13:33:47.893Z,2024-03-20T14:53:24.979Z,djibril94260,Opwet ei zi ko su.,youtube,true,ce685c43-a404-4b48-a383-2f0ae5ce18af
1710959666039,1710974404264,2024-03-20T18:34:26.039Z,2024-03-20T22:40:04.264Z,helydia,Bapwet odlposiabxipnedughl otdokopoxokoghzoghe bo.,twitch,false,a1ef5357-3948-44de-91d1-9c24498e167c
1710975941490,1710976736607,2024-03-20T23:05:41.490Z,2024-03-20T23:18:56.607Z,lege,Zugipo.,twitch,false,621e2774-c6ba-4bd7-8ec8-b39f58e4f611
1710987868743,1710997503676,2024-03-21T02:24:28.743Z,2024-03-21T05:05:03.676Z,bagherajones,Epwet avl.,twitch,false,180b46e3-8f99-4a0a-90d3-9dacf5be4b69
1711028536169,1711030670211,2024-03-21T13:42:16.169Z,2024-03-21T14:17:50.211Z,traytonlol,Boghga.,youtube,true,e3534878-673f-4c63-8cfd-b638152ce1c2
1711045361247,1711058101196,2024-03-21T18:22:41.247Z,2024-03-21T21:55:01.196Z,lovebastos,Pwet xoxlx debubgogoxaghgit otizi e.,youtube,true,561cba2c-3a29-493c-92b3-41d9f4c3f52a
1711099785477,1711103269495,2024-03-22T09:29:45.477Z,2024-03-22T10:27:49.495Z,euuhhh__,Pwet xizidi zo.,youtube,true,512645d9-38a2-4271-86cb-f0c0e4d93992
1711110905607,1711114841799,2024-03-22T12:35:05.607Z,2024-03-22T13:40:41.799Z,skyrroztv,Pwet akooxu.,twitch,false,ffe709b9-bb3d-4a23-96df-6d66c0b6ac51
1711119684410,1711120869241,2024-03-22T15:01:24.410Z,2024-03-22T15:21:09.241Z,sardoche,Bepwet bigi ko.,twitch,false,8c07456a-644d-486a-b05e-bfed52520d74
1711130372250,1711163077905,2024-03-22T17:59:32.250Z,2024-03-23T03:04:37.905Z,rocketbaguette,Zuzada.,youtube,true,53086536-ab84-4e8e-bb1d-d0388441c8a3
1711196847581,1711199191008,2024-03-23T12:27:27.581Z,2024-03-23T13:06:31.008Z,phyzikk,Upwet dapo.,twitch,false,bb68c7e3-7c57-45bb-ad34-300266b50081
1711300816103,1711321517541,2024-03-24T17:20:16.103Z,2024-03-24T23:05:17.541Z,hamzakerdaloco,Bepwet sok.,twitch,false,80d015d2-8d70-411f-a91e-05b9b0a75806
1711379775058,1711380077853,2024-03-25T15:16:15.058Z,2024-03-25T15:21:17.853Z,krolay,Ko depwet axod.,twitch,false,b2241b01-9c0b-4d86-8ebf-a0502b14a20d
1711380277669,1711380689956,2024-03-25T15:24:37.669Z,2024-03-25T15:31:29.956Z,mizitw,Agad.,twitch,false,a93296b2-7c26-4bb4-a00a-4c30e9b2d380
1711381401856,1711404286442,2024-03-25T15:43:21.856Z,2024-03-25T22:04:46.442Z,stizo_,Depwet dasapzl.,twitch,false,7a5f437c-dfb8-4010-ade6-07f44080e150
1711555876227,1711558774294,2024-03-27T16:11:16.227Z,2024-03-27T16:59:34.294Z,narutovie_,Dl bepwet idopo su eb.,twitch,false,3f4c3305-c2d3-4ea0-96c4-901174ec46c6
1711598313057,1711601533306,2024-03-28T03:58:33.057Z,2024-03-28T04:52:13.306Z,lovebastos,Bapwet dazlko.,youtube,true,93583a6c-1eda-4009-83ed-5760ae8d23ed
1711605517021,1711613791661,2024-03-28T05:58:37.021Z,2024-03-28T08:16:31.661Z,lestwins,Ipwet ezigh.,youtube,true,dd6c2e67-5c66-4d02-b346-0715513f5140
1711644718850,1711661415293,2024-03-28T16:51:58.850Z,2024-03-28T21:30:15.293Z,chowh1,Ipwet ebeku.,twitch,false,a464397c-f047-4d4b-89db-791c6825d545
1711742461796,1711777770827,2024-03-29T20:01:01.796Z,2024-03-30T05:49:30.827Z,narutovie_,Be zukupa.,twitch,false,7efb63ce-16b1-4dcd-8480-92a695397c73
1711992656830,1712024288608,2024-04-01T17:30:56.830Z,2024-04-02T02:18:08.608Z,samueletienne,Ga otvi zi.,youtube,true,8b4d851b-5646-448b-8f26-2687ce98cbf2
1712087812759,1712141331468,2024-04-02T19:56:52.759Z,2024-04-03T10:48:51.468Z,superkevintran,Zuexplpupekozzoboxub.,twitch,false,b236c93f-1d7f-4cac-a6e3-45907d90b86f
1712168446399,1712195288230,2024-04-03T18:20:46.399Z,2024-04-04T01:48:08.230Z,botkz,Depwet zuo.,youtube,true,6c6171a1-332b-404a-8ce2-8890dc7b4d14
1712338300016,1712392913786,2024-04-05T17:31:40.016Z,2024-04-06T08:41:53.786Z,sura,O ghnkozoxlt.,twitch,false,7d12c527-497e-4cb0-a554-c5ecda57e9fd
1712421268511,1712462248254,2024-04-06T16:34:28.511Z,2024-04-07T03:57:28.254Z,vatira_,Bapwet nd.,youtube,true,77d8e0ef-0101-467c-9c5e-66546a61f187
1712508609513,1712567385348,2024-04-07T16:50:09.513Z,2024-04-08T09:09:45.348Z,stizo_,Pwet agho.,twitch,false,cdfa4ae3-0955-4f28-b6a4-73c0e74f2f7a
1712600425364,1712635442196,2024-04-08T18:20:25.364Z,2024-04-09T04:04:02.196Z,etoiles,Su xlt.,youtube,true,b0b7b20b-ade9-4945-b6e2-77ac384de558
1712649084020,1712655273691,2024-04-09T07:51:24.020Z,2024-04-09T09:34:33.691Z,ligue1ubereats,Lzozu.,twitch,false,03b52475-543c-40e6-ab5e-05bb72522f3f
1712660619657,1712670080592,2024-04-09T11:03:39.657Z,2024-04-09T13:41:20.592Z,solary,Pwet idi u.,youtube,true,665d8fe3-73c7-421a-9ec6-84e810b13423
1712688976513,1712697329230,2024-04-09T18:56:16.513Z,2024-04-09T21:15:29.230Z,mizitw,Pwet ghotozoboxak e.,youtube,true,a026965b-e279-4009-ad4e-fdf1d4852fb6
1712736333181,1712744545161,2024-04-10T08:05:33.181Z,2024-04-10T10:22:25.161Z,robert87000,Depwet zuiz.,twitch,false,d67e4d0b-6421-485c-98e9-2661dcd11ab2
1712772234517,1712828444507,2024-04-10T18:03:54.517Z,2024-04-11T09:40:44.507Z,aiekillu,Pwet otiso.,youtube,true,073d7f72-f14f-40b1-872e-4703c1faffc8
1712855542635,1712857555721,2024-04-11T17:12:22.635Z,2024-04-11T17:45:55.721Z,heyartv,Pupeuxlzgup.,twitch,false,ee53505d-a1be-4fd5-bb4f-37bf3217e334
1712913083574,1712918170149,2024-04-12T09:11:23.574Z,2024-04-12T10:36:10.149Z,gotaga,Dobdutbukpo.,youtube,true,eee7f67e-7bac-4895-8ce7-3792be6be545
1712918806039,1712923987390,2024-04-12T10:46:46.039Z,2024-04-12T12:13:07.390Z,kmsenkangoo,Ipwet daxid gibo.,twitch,false,cf73317c-c47d-4b1f-ac03-1684d103ba64
1712943707952,1713000126110,2024-04-12T17:41:47.952Z,2024-04-13T09:22:06.110Z,altair,Bapwet badakuxagh sogaze.,twitch,false,86c60961-086c-438d-94f1-0eb256b83ba2
1713038151372,1713047885563,2024-04-13T19:55:51.372Z,2024-04-13T22:38:05.563Z,otplol_,Ablze.,youtube,true,276b8438-73c1-4292-9d8d-9dbc76c7d30d
1713058243693,1713070169144,2024-04-14T01:30:43.693Z,2024-04-14T04:49:29.144Z,tobias,Depwet iekaa eux e.,twitch,false,1f4adfeb-36d6-44fd-ba3b-971434bf8d64
1713101608811,1713102832347,2024-04-14T13:33:28.811Z,2024-04-14T13:53:52.347Z,mizitw,Pwet ozlxo keadzo.,twitch,false,9f42c5fc-90f3-432f-9f97-42e8acae9fa8
1713108247544,1713108427544,2024-04-14T15:24:07.544Z,2024-04-14T15:27:07.544Z,leothecrackfn,Bepwet gi ke zedogu kik udlke idghu zuxakaghoidzoghe su.,twitch,false,7b5b44d9-64b0-4505-a267-b8587d4b56ae
1713120136432,1713120420447,2024-04-14T18:42:16.432Z,2024-04-14T18:47:00.447Z,drfeelgood,Depwet degobkagukabaz daapize.,youtube,true,5bc7834f-7583-4f36-8a56-b5ca6186c20e
1713125781936,1713153112569,2024-04-14T20:16:21.936Z,2024-04-15T03:51:52.569Z,heyartv,Pwet ixoksotbi zuedaebko.,twitch,false,d8c809ce-4433-498c-b611-92778a42ade9
1713182369621,1713186169132,2024-04-15T11:59:29.621Z,2024-04-15T13:02:49.132Z,berlu,Apako.,twitch,false,a483673f-b91b-45a8-9812-1e865bbf4e7d
1713209365073,1713257425072,2024-04-15T19:29:25.073Z,2024-04-16T08:50:25.072Z,kamet0,Pwet gi aufiki uudgit degagh voxoevozxldeghl.,twitch,false,7e9f0da4-8f01-4c0f-9c1e-7b251e93512b
1713290022786,1713314372471,2024-04-16T17:53:42.786Z,2024-04-17T00:39:32.471Z,rainbow6fr,Pwet otzako dexo bo.,twitch,false,2a6b7bb0-7b0e-4f68-8701-5e13d73a03c0
1713342795559,1713347339604,2024-04-17T08:33:15.559Z,2024-04-17T09:48:59.604Z,slipixxx,Pwet daxid.,twitch,false,7d4f6f07-f83b-4e8d-9fde-03c81f77ffee
1713368191323,1713391691699,2024-04-17T15:36:31.323Z,2024-04-17T22:08:11.699Z,artefr,Ipwet oteu.,twitch,false,2ecb63d7-7571-47e9-bdb8-c8e1457db6f7
1713403408177,1713412416772,2024-04-18T01:23:28.177Z,2024-04-18T03:53:36.772Z,yassencore,I daeuo zi zo su.,youtube,true,71c9bc70-76a3-40d7-83a2-0b29d23f8930
1713431260575,1713448186440,2024-04-18T09:07:40.575Z,2024-04-18T13:49:46.440Z,brokybrawkstv,Bapwet idxat.,twitch,false,87a2bef2-924d-4c2a-861c-ebc1382cb77d
1713467722166,1713470887136,2024-04-18T19:15:22.166Z,2024-04-18T20:08:07.136Z,rocketbaguette,Daze bezghog.,youtube,true,3958736f-6c8c-4bc1-bf09-07e649221ea2
1713555423921,1713607137406,2024-04-19T19:37:03.921Z,2024-04-20T09:58:57.406Z,haynetv,Ipwet xasoz.,youtube,true,f5b6b42c-6963-499b-9915-b431140b1d46
1713628324333,1713643991463,2024-04-20T15:52:04.333Z,2024-04-20T20:13:11.463Z,onutrem,Upwet ozlxo idodebugat e.,youtube,true,4f186cd6-c735-4663-940e-bfb679df5bb7
1713644271625,1713659577344,2024-04-20T20:17:51.625Z,2024-04-21T00:32:57.344Z,potatozytb,Pwet po a po.,youtube,true,86bd6e77-e162-4773-8d64-c2a403a2b59d
1713706247579,1713709597731,2024-04-21T13:30:47.579Z,2024-04-21T14:26:37.731Z,tobias,Bepwet xou al u e.,twitch,false,e7b3cd98-c251-4702-9ea6-93be363b1716
1713727461308,1713737519356,2024-04-21T19:24:21.308Z,2024-04-21T22:11:59.356Z,robert87000,Idkoi.,youtube,true,b891d137-9d97-4ec9-893e-8d00323ba461
1713816214061,1713870892847,2024-04-22T20:03:34.061Z,2024-04-23T11:14:52.847Z,leothecrackfn,Depwet idgo.,youtube,true,b5af0ff4-ceb2-43aa-b620-0960a70db253
1713896487355,1713929983997,2024-04-23T18:21:27.355Z,2024-04-24T03:39:43.997Z,otplol_,Klbo.,twitch,false,cf045a6a-7cee-4e73-a541-c4f00c0db776
1713977293922,1713979088592,2024-04-24T16:48:13.922Z,2024-04-24T17:18:08.592Z,heyartv,Bapwet epexoo.,twitch,false,b27bc065-d2ac-4ce2-99f3-0717010a7640
1714026967064,1714030090309,2024-04-25T06:36:07.064Z,2024-04-25T07:28:10.309Z,hamzakerdaloco,U pe u afuu i.,twitch,false,bbd7827d-e702-415f-b663-8e6ab78da9a6
1714031385339,1714046746618,2024-04-25T07:49:45.339Z,2024-04-25T12:05:46.618Z,solary,Pwet adokoevozxighosib i.,youtube,true,e23f9009-62a4-4345-b245-ed86d901e320
1714235289588,1714287248429,2024-04-27T16:28:09.588Z,2024-04-28T06:54:08.429Z,bichouu_,Upwet dazozi.,twitch,false,9df62653-9b9c-434e-9a89-e1369c97b892
1714304611341,1714308315090,2024-04-28T11:43:31.341Z,2024-04-28T12:45:15.090Z,voltariux,Depwet azozxlz.,youtube,true,b5ef8e40-731b-4816-8060-4d8eeb92f8e3
1714329322966,1714382237053,2024-04-28T18:35:22.966Z,2024-04-29T09:17:17.053Z,naevuis,Kebl.,youtube,true,cd7bd65c-8493-4f81-b470-200bdc519d3e
1714383301562,1714392411169,2024-04-29T09:35:01.562Z,2024-04-29T12:06:51.169Z,low4n,Eghetkoghab zo.,youtube,true,80e13181-815c-4f52-8ca9-8f350cab3f4c
1714417960879,1714449256580,2024-04-29T19:12:40.879Z,2024-04-30T03:54:16.580Z,kennystream,Zuoghuzobo.,twitch,false,fea1f809-9063-4fcc-b33c-241051b2bfaf
1714459921298,1714479242220,2024-04-30T06:52:01.298Z,2024-04-30T12:14:02.220Z,michou,Bepwet zupo.,twitch,false,c724a9ac-4c0c-4af8-9446-b5e906d8f1e1
1714504921325,1714547886597,2024-04-30T19:22:01.325Z,2024-05-01T07:18:06.597Z,terracid,Ipwet zuge.,twitch,false,f1266282-bc9f-44d7-91df-e49187f724a8
1714590391776,1714619706219,2024-05-01T19:06:31.776Z,2024-05-02T03:15:06.219Z,alexclick,Ke avi.,twitch,false,5200e296-c1f6-4c2e-8dd7-a8ac65d7e03d
1714656960782,1714657472067,2024-05-02T13:36:00.782Z,2024-05-02T13:44:32.067Z,lege,Pwet ipuzokxai gad ba exl.,youtube,true,02784f84-a5c8-4c12-afe0-8acec794745d
1714674114595,1714731871672,2024-05-02T18:21:54.595Z,2024-05-03T10:24:31.672Z,humility,Bapwet ezuxi.,youtube,true,b1d4637b-df7b-47ad-83c2-f14968d39b8c
1714849973691,1714863404363,2024-05-04T19:12:53.691Z,2024-05-04T22:56:44.363Z,antoinedaniel,Pwet idglu ka.,twitch,false,103b1f15-4cba-4e99-a3ea-20d63087ad84
1714916222078,1714919391909,2024-05-05T13:37:02.078Z,2024-05-05T14:29:51.909Z,quicksoooooo,Pwet lkaxldet.,youtube,true,73a1498e-6249-4841-9a47-80856d18433d
1714920565438,1714921077074,2024-05-05T14:49:25.438Z,2024-05-05T14:57:57.074Z,chess24fr,Exabbi.,twitch,false,af387a48-cbdc-4366-91c6-1980b2d3d019
1714922191271,1714922371999,2024-05-05T15:16:31.271Z,2024-05-05T15:19:31.999Z,fugu_fps,Ekutveb su.,youtube,true,1fc6334c-bb34-4706-97b1-347cc1d09b87
1714929676221,1714978092809,2024-05-05T17:21:16.221Z,2024-05-06T06:48:12.809Z,talmo,Bapwet dazubukoxa.,twitch,false,85db01a0-bd5a-4cee-a331-60206f198f32
1714986383799,1714996460823,2024-05-06T09:06:23.799Z,2024-05-06T11:54:20.823Z,hakaiwrld,Ipwet lkezaboxip o.,youtube,true,e05a799c-90a8-44da-b22e-2aa531511db9
1715011554434,1715065879906,2024-05-06T16:05:54.434Z,2024-05-07T07:11:19.906Z,locklear,Pwet ebiko.,youtube,true,ee45ee5e-8f11-485b-b13f-a7ad424f27a3
1715104223036,1715151858857,2024-05-07T17:50:23.036Z,2024-05-08T07:04:18.857Z,crocodyletv,I depwet xughouxak.,youtube,true,bdb0e8b2-95ec-49ef-ac08-cb25218cc8c8